year,country,n,stage
1930,Belgium,1,finals
1934,Sweden,1,finals
1938,France,1,finals
1950,England,1,finals
1954,England,1,finals
1958,France,1,finals
1962,Russia,1,finals
1966,Switzerland,1,finals
1970,Germany,1,finals
1974,England,1,finals
1978,Italy,1,finals
1982,Brazil,1,finals
1986,Brazil,1,finals
1990,Mexico,1,finals
1994,Hungary,1,finals
1998,Morocco,1,finals
2002,Italy,1,finals
2006,Argentina,1,finals
2010,England,1,finals
2014,Italy,1,finals
2018,Argentina,1,finals
2022,Poland,1,finals
2026,Slovenia,1,finals
1930,Belgium,1,semifinals
1930,Brazil,1,semifinals
1934,Italy,1,semifinals
1934,Sweden,1,semifinals
1938,Switzerland,1,semifinals
1938,France,1,semifinals
1954,Italy,1,semifinals
1954,Wales,1,semifinals
1958,Wales,1,semifinals
1958,Hungary,1,semifinals
1962,Switzerland,1,semifinals
1962,Peru,1,semifinals
1966,Italy,1,semifinals
1966,France,1,semifinals
1970,Spain,1,semifinals
1970,Mexico,1,semifinals
1982,Uruguay,1,semifinals
1982,Netherlands,1,semifinals
1986,Mexico,1,semifinals
1986,Italy,1,semifinals
1990,France,1,semifinals
1990,Brazil,1,semifinals
1994,Colombia,1,semifinals
1994,France,1,semifinals
1998,United Arab Emirates,1,semifinals
1998,Spain,1,semifinals
2002,Switzerland,1,semifinals
2002,Denmark,1,semifinals
2006,Mexico,1,semifinals
2006,Uruguay,1,semifinals
2010,Uzbekistan,1,semifinals
2010,Hungary,1,semifinals
2014,Mexico,1,semifinals
2014,Turkiye,1,semifinals
2018,Uruguay,1,semifinals
2018,Turkiye,1,semifinals
2022,Italy,1,semifinals
2022,Mexico,1,semifinals
2026,El Salvador,1,semifinals
2026,United States,1,semifinals
1934,Italy,2,quarterfinals
1934,Belgium,1,quarterfinals
1934,Austria,1,quarterfinals
1938,Italy,1,quarterfinals
1938,Czechia,1,quarterfinals
1938,Belgium,1,quarterfinals
1938,Hungary,1,quarterfinals
1954,Scotland,1,quarterfinals
1954,Austria,1,quarterfinals
1954,Hungary,1,quarterfinals
1954,England,1,quarterfinals
1958,Austria,1,quarterfinals
1958,Spain,1,quarterfinals
1958,England,1,quarterfinals
1958,Switzerland,1,quarterfinals
1962,Netherlands,1,quarterfinals
1962,Russia,1,quarterfinals
1962,France,1,quarterfinals
1962,Peru,1,quarterfinals
1966,Germany,1,quarterfinals
1966,England,1,quarterfinals
1966,Spain,1,quarterfinals
1966,Israel,1,quarterfinals
1970,Netherlands,1,quarterfinals
1970,Switzerland,1,quarterfinals
1970,Belgium,1,quarterfinals
1970,Argentina,1,quarterfinals
1986,Romania,1,quarterfinals
1986,Colombia,1,quarterfinals
1986,Tunisia,1,quarterfinals
1986,Germany,1,quarterfinals
1990,Switzerland,1,quarterfinals
1990,Portugal,1,quarterfinals
1990,Austria,1,quarterfinals
1990,Mexico,1,quarterfinals
1994,Hungary,1,quarterfinals
1994,Costa Rica,1,quarterfinals
1994,Colombia,1,quarterfinals
1994,England,1,quarterfinals
1998,Scotland,1,quarterfinals
1998,Egypt,1,quarterfinals
1998,Mexico,1,quarterfinals
1998,Norway,1,quarterfinals
2002,Mexico,1,quarterfinals
2002,Scotland,1,quarterfinals
2002,Egypt,1,quarterfinals
2002,Colombia,1,quarterfinals
2006,Slovakia,1,quarterfinals
2006,Belgium,1,quarterfinals
2006,Argentina,1,quarterfinals
2006,Spain,1,quarterfinals
2010,Japan,1,quarterfinals
2010,Portugal,1,quarterfinals
2010,Uzbekistan,1,quarterfinals
2010,Guatemala,1,quarterfinals
2014,Argentina,1,quarterfinals
2014,Spain,1,quarterfinals
2014,Italy,1,quarterfinals
2014,Uzbekistan,1,quarterfinals
2018,Argentina,1,quarterfinals
2018,Serbia,1,quarterfinals
2018,Netherlands,1,quarterfinals
2018,Brazil,1,quarterfinals
2022,England,1,quarterfinals
2022,Spain,1,quarterfinals
2022,Argentina,1,quarterfinals
2022,Brazil,1,quarterfinals
2026,Argentina,1,quarterfinals
2026,England,1,quarterfinals
2026,France,1,quarterfinals
2026,Portugal,1,quarterfinals
